name,iterations,real_time,cpu_time,time_unit,bytes_per_second,items_per_second,label,error_occurred,error_message,"n"
"BM_Random/4",2594419,267.678,268.986,ns,,,,,,4
"BM_Random/9",1099156,634.425,635.442,ns,,,,,,9
"BM_Random/14",303730,2306.31,2307,ns,,,,,,14
"BM_Random/19",113845,6170.12,6168.61,ns,,,,,,19
"BM_Random/24",54877,12778.1,12774.7,ns,,,,,,24
"BM_Random/29",30765,22809.4,22801.3,ns,,,,,,29
"BM_Random/34",18843,37144,37134.7,ns,,,,,,34
"BM_Random/39",12530,56017.3,55992.6,ns,,,,,,39
"BM_Random/44",8764,79874.8,79837.6,ns,,,,,,44
"BM_Random/49",6373,109943,109893,ns,,,,,,49
"BM_Random/54",4753,147435,147373,ns,,,,,,54
"BM_Random/59",3643,192261,192190,ns,,,,,,59
"BM_Random/64",2873,243894,243720,ns,,,,,,64
"BM_Random/69",2293,304990,304813,ns,,,,,,69
"BM_Random/74",1866,373409,373323,ns,,,,,,74
"BM_Random/79",1544,454475,454358,ns,,,,,,79
"BM_Random/84",1286,545226,545100,ns,,,,,,84
"BM_Random/89",1082,646894,646729,ns,,,,,,89
"BM_Random/94",919,761125,760916,ns,,,,,,94
"BM_Random/99",786,897247,896988,ns,,,,,,99
"BM_Random/104",674,1.0395e+06,1.03921e+06,ns,,,,,,104
"BM_Random/109",586,1.19743e+06,1.19711e+06,ns,,,,,,109
"BM_Random/114",512,1.36865e+06,1.36821e+06,ns,,,,,,114
"BM_Random/119",450,1.55647e+06,1.55586e+06,ns,,,,,,119
"BM_Random/124",398,1.76149e+06,1.76077e+06,ns,,,,,,124
"BM_Random/129",354,1.9954e+06,1.9942e+06,ns,,,,,,129
"BM_Random/134",316,2.21981e+06,2.21764e+06,ns,,,,,,134
"BM_Random/139",282,2.46329e+06,2.46204e+06,ns,,,,,,139
"BM_Random/144",257,2.73422e+06,2.73313e+06,ns,,,,,,144
"BM_Random/149",233,3.01598e+06,3.01488e+06,ns,,,,,,149
"BM_Random/154",210,3.32691e+06,3.32573e+06,ns,,,,,,154
"BM_Random/159",190,3.6734e+06,3.6713e+06,ns,,,,,,159
"BM_Random/164",172,4.03506e+06,4.03314e+06,ns,,,,,,164
"BM_Random/169",158,4.40854e+06,4.40632e+06,ns,,,,,,169
"BM_Random/174",145,4.82791e+06,4.82519e+06,ns,,,,,,174
"BM_Random/179",133,5.25324e+06,5.2503e+06,ns,,,,,,179
"BM_Random/184",123,5.76561e+06,5.76172e+06,ns,,,,,,184
"BM_Random/189",112,6.23606e+06,6.23138e+06,ns,,,,,,189
"BM_Random/194",104,6.78372e+06,6.77878e+06,ns,,,,,,194
"BM_Random/199",95,7.3231e+06,7.31747e+06,ns,,,,,,199
"BM_Random/204",89,7.8927e+06,7.88778e+06,ns,,,,,,204
"BM_Random/209",82,8.47058e+06,8.46472e+06,ns,,,,,,209
"BM_Random/214",77,9.1223e+06,9.116e+06,ns,,,,,,214
"BM_Random/219",72,9.79251e+06,9.78449e+06,ns,,,,,,219
"BM_Random/224",68,1.03201e+07,1.03137e+07,ns,,,,,,224
"BM_Random/229",63,1.10296e+07,1.10252e+07,ns,,,,,,229
"BM_Random/234",59,1.16974e+07,1.16913e+07,ns,,,,,,234
"BM_Random/239",56,1.24649e+07,1.2457e+07,ns,,,,,,239
"BM_Random/244",52,1.32642e+07,1.3257e+07,ns,,,,,,244
"BM_Random/249",49,1.41182e+07,1.41105e+07,ns,,,,,,249
"BM_Random/254",46,1.51474e+07,1.51384e+07,ns,,,,,,254
"BM_Random/259",43,1.60736e+07,1.60623e+07,ns,,,,,,259
"BM_Random/264",41,1.70165e+07,1.7005e+07,ns,,,,,,264
"BM_Random/269",39,1.80736e+07,1.80625e+07,ns,,,,,,269
"BM_Random/274",37,1.8997e+07,1.89866e+07,ns,,,,,,274
"BM_Random/279",35,1.99584e+07,1.99465e+07,ns,,,,,,279
"BM_Random/284",33,2.09387e+07,2.09267e+07,ns,,,,,,284
"BM_Random/289",32,2.21187e+07,2.21065e+07,ns,,,,,,289
"BM_Random/294",30,2.34457e+07,2.34326e+07,ns,,,,,,294
"BM_Random/299",28,2.49036e+07,2.48867e+07,ns,,,,,,299
"BM_Random/304",27,2.57699e+07,2.57589e+07,ns,,,,,,304
"BM_Random/309",26,2.69084e+07,2.68976e+07,ns,,,,,,309
"BM_Random/314",25,2.82884e+07,2.82722e+07,ns,,,,,,314
"BM_Random/319",23,2.99944e+07,2.99791e+07,ns,,,,,,319
"BM_Random/324",22,3.14317e+07,3.14177e+07,ns,,,,,,324
"BM_Random/329",21,3.26037e+07,3.25882e+07,ns,,,,,,329
"BM_Random/334",21,3.41551e+07,3.41391e+07,ns,,,,,,334
"BM_Random/339",20,3.57538e+07,3.57336e+07,ns,,,,,,339
"BM_Random/344",18,3.72477e+07,3.72294e+07,ns,,,,,,344
"BM_Random/349",18,3.91707e+07,3.91452e+07,ns,,,,,,349
"BM_Random/354",17,4.06916e+07,4.06716e+07,ns,,,,,,354
"BM_Random/359",17,4.23353e+07,4.23153e+07,ns,,,,,,359
"BM_Random/364",16,4.45153e+07,4.44888e+07,ns,,,,,,364
"BM_Random/369",15,4.61112e+07,4.60916e+07,ns,,,,,,369
"BM_Random/374",15,4.77877e+07,4.77663e+07,ns,,,,,,374
"BM_Random/379",14,5.01013e+07,5.00701e+07,ns,,,,,,379
"BM_Random/384",13,5.20861e+07,5.2067e+07,ns,,,,,,384
"BM_Random/389",13,5.41837e+07,5.416e+07,ns,,,,,,389
"BM_Random/394",12,5.61381e+07,5.61102e+07,ns,,,,,,394
"BM_Random/399",12,5.87946e+07,5.87554e+07,ns,,,,,,399
"BM_Random/404",11,6.0849e+07,6.08214e+07,ns,,,,,,404
"BM_Random/409",11,6.31112e+07,6.30803e+07,ns,,,,,,409
"BM_Random/414",11,6.56016e+07,6.55699e+07,ns,,,,,,414
"BM_Random/419",10,6.78095e+07,6.77823e+07,ns,,,,,,419
"BM_Random/424",10,7.04036e+07,7.03675e+07,ns,,,,,,424
"BM_Random/429",9,7.30139e+07,7.29786e+07,ns,,,,,,429
"BM_Random/434",9,7.56315e+07,7.55902e+07,ns,,,,,,434
"BM_Random/439",9,7.84173e+07,7.83656e+07,ns,,,,,,439
"BM_Random/444",9,8.08831e+07,8.08458e+07,ns,,,,,,444
"BM_Random/449",8,8.41687e+07,8.41116e+07,ns,,,,,,449
"BM_Random/454",8,8.64166e+07,8.63656e+07,ns,,,,,,454
"BM_Random/459",8,8.91092e+07,8.90624e+07,ns,,,,,,459
"BM_Random/464",7,9.23898e+07,9.23436e+07,ns,,,,,,464
"BM_Random/469",7,9.60556e+07,9.60103e+07,ns,,,,,,469
"BM_Random/474",7,9.79345e+07,9.78876e+07,ns,,,,,,474
"BM_Random/479",7,1.01853e+08,1.01808e+08,ns,,,,,,479
"BM_Random/484",7,1.05646e+08,1.05584e+08,ns,,,,,,484
"BM_Random/489",6,1.08895e+08,1.08817e+08,ns,,,,,,489
"BM_Random/494",6,1.11834e+08,1.1176e+08,ns,,,,,,494
"BM_Random/499",6,1.18136e+08,1.18059e+08,ns,,,,,,499
"BM_Random_BigO",,0.926381,0.925872,N^3,,,,,,
"BM_Random_RMS",,0.0131016,0.0130266,,,,,,,
